Method,LogisticRegression,LogisticRegression,LogisticRegression,LogisticRegression,LogisticRegression,LogisticRegression,LogisticRegression,LogisticRegression
Model,Model 1,Model 1,Model 2,Model 2,Model 3,Model 3,Model 4,Model 4
Values,Mean,Se,Mean,Se,Mean,Se,Mean,Se
Accuracy_test,0.7335697940503434,0.004051417673713363,0.7245713196033563,0.0038510968001771602,0.7279847444698704,0.003721850900090109,0.7370640732265449,0.003677514448291044
Accuracy_train,0.7859607309077512,0.0011081286603865247,0.792679569019316,0.0006340417247912239,0.7669957574868982,0.0005204891326800368,0.7670443574763718,0.0005401117370754941
F1 Score,0.7347161928102132,0.004162233745912381,0.7302139436710061,0.00382392925298813,0.7340753284357328,0.0037458961916410974,0.7428978439837146,0.0036874394640181397
Precision,0.732394367910548,0.004439352038973476,0.7166159095631435,0.0042174812735121785,0.719053564389567,0.0041381222644188784,0.7279745223868299,0.004154410750999683
Recall,0.7396218995765276,0.005750784798945884,0.7464035087719298,0.005088902277851587,0.7521869328493648,0.005308773570209854,0.7611010284331519,0.005387897443140423
Roc_auc,0.7834549092028317,0.004112470441343118,0.7930833359866698,0.00384932136777368,0.7929138939302278,0.0039739653599066005,0.8027537916175799,0.003914969506135499
