Method,RandomForest,RandomForest,RandomForest,RandomForest,RandomForest,RandomForest,RandomForest,RandomForest
Model,Model 1,Model 1,Model 2,Model 2,Model 3,Model 3,Model 4,Model 4
Values,Mean,Se,Mean,Se,Mean,Se,Mean,Se
Accuracy_test,0.7172501906941267,0.003663843747266056,0.7317353165522502,0.0038169513778343574,0.7349687261632343,0.0036181044776890632,0.7359252479023648,0.003746221481669622
Accuracy_train,1.0,0.0,1.0,0.0,0.9950261374145671,0.00013272032663807386,0.995132698366153,0.00012495342980299996
F1 Score,0.717550645938218,0.003664898484987729,0.7304353710999975,0.0041478536982591085,0.7361888605824943,0.0036722537509128296,0.7374756810339967,0.0037963154326387744
Precision,0.7189608271741281,0.0045774305085108935,0.7345314685141889,0.004299055938382887,0.7343952949629781,0.004317541513285163,0.7345110572597033,0.0043141849033695775
Recall,0.7194131881427707,0.005421399218883612,0.7293678160919541,0.0060373670721985215,0.7412341197822141,0.005631789922559282,0.7434785238959466,0.0056748275333207455
Roc_auc,0.7834235998344319,0.003850885251446413,0.8007538128442705,0.0038880975897645454,0.8066007577928488,0.0037707541093948823,0.8046593116184291,0.003745701908402549
