Method,XGBoost,XGBoost,XGBoost,XGBoost,XGBoost,XGBoost,XGBoost,XGBoost
Model,Model 1,Model 1,Model 2,Model 2,Model 3,Model 3,Model 4,Model 4
Values,Mean,Se,Mean,Se,Mean,Se,Mean,Se
Accuracy_test,0.7258184591914572,0.003971915551040829,0.7179466056445463,0.0038681495561835337,0.7354080854309689,0.0038045562552708285,0.7376788710907707,0.003788123300784165
Accuracy_train,1.0,0.0,1.0,0.0,0.9648534763419273,0.00031706952488685074,0.9615280941961967,0.00026143785316035074
F1 Score,0.7276096785002584,0.003984872249990469,0.7196315494853109,0.003987008258807675,0.7377015613777932,0.0038826372811121682,0.7390611795422114,0.003895452040839395
Precision,0.7242079658082351,0.004477934030475922,0.7160814547327438,0.004138471181626165,0.732447594854317,0.004264047862768164,0.7362325920778895,0.004292852244947633
Recall,0.7333696309739867,0.005282918450262859,0.7256775559588626,0.005647743070012293,0.7459437386569873,0.005722853020603025,0.744739866908651,0.005701602574116559
Roc_auc,0.7922169155496119,0.0035508457148948646,0.785173740461256,0.0036610604168614267,0.8027070398318847,0.0037444727731789696,0.8063294806890184,0.0036232465863446305
