Method,DecisionTree,DecisionTree,DecisionTree,DecisionTree,DecisionTree,DecisionTree,DecisionTree,DecisionTree
Model,Model 1,Model 1,Model 2,Model 2,Model 3,Model 3,Model 4,Model 4
Values,Mean,Se,Mean,Se,Mean,Se,Mean,Se
Accuracy_test,0.8012688172043011,0.007675563162256373,0.827010752688172,0.009766786409894812,0.8322580645161292,0.00848871442756053,0.836236559139785,0.009260218549759865
Accuracy_train,0.9949044844871969,0.000564166848980723,0.9949044844871969,0.000564166848980723,0.9279718195366482,0.0026413827337882522,0.9095407126405637,0.0024189378456594543
F1 Score,0.464870599988247,0.024806928791106696,0.5279027181968359,0.027418406199411622,0.5349996202627781,0.024916384482159732,0.5271323676323677,0.02373335690612877
Precision,0.504606782106782,0.02609808271432423,0.5935981240981241,0.03381531774002504,0.6263669108669108,0.03191405839859163,0.690015873015873,0.03323575543984737
Recall,0.4766666666666666,0.032663265129023594,0.5066666666666667,0.029424101987618547,0.5133333333333333,0.030125662740520007,0.48,0.027341462205879834
Roc_auc,0.6771972222222223,0.015110577855174298,0.7046805555555555,0.01567147594130854,0.7328472222222223,0.015606950933422957,0.7425888888888889,0.01521663409188838
