Method,RandomForest,RandomForest,RandomForest,RandomForest,RandomForest,RandomForest,RandomForest,RandomForest
Model,Model 1,Model 1,Model 2,Model 2,Model 3,Model 3,Model 4,Model 4
Values,Mean,Se,Mean,Se,Mean,Se,Mean,Se
Accuracy_test,0.8270322580645163,0.008049506318484764,0.8506451612903227,0.008342547801902727,0.8559569892473118,0.00632667265723316,0.8553763440860215,0.007556332552050862
Accuracy_train,0.9949044844871969,0.000564166848980723,0.9949044844871969,0.000564166848980723,0.9365221514699905,0.001734130928735373,0.9386573635008807,0.001754639460977701
F1 Score,0.45671017871017866,0.02560899204772171,0.5357997557997558,0.02698858263604458,0.5062776112776113,0.02685590920625548,0.5148126318126318,0.028802332926646513
Precision,0.6333333333333333,0.03551562206171869,0.722404761904762,0.034462699445360116,0.7874285714285714,0.03413757945528299,0.7783333333333334,0.036051251625486905
Recall,0.3899999999999999,0.026503668509178957,0.4599999999999999,0.028503411101909265,0.41,0.027972208429876324,0.42666666666666664,0.030243456592570012
Roc_auc,0.881538888888889,0.010059382206197873,0.9003527777777779,0.00963165050821227,0.8878750000000002,0.009955303079945894,0.8843305555555557,0.010018076016276838
