Method,XGBoost,XGBoost,XGBoost,XGBoost,XGBoost,XGBoost,XGBoost,XGBoost
Model,Model 1,Model 1,Model 2,Model 2,Model 3,Model 3,Model 4,Model 4
Values,Mean,Se,Mean,Se,Mean,Se,Mean,Se
Accuracy_test,0.8309032258064516,0.008264771581870679,0.8453333333333333,0.00854628959186104,0.852,0.007520781552634441,0.8552473118279569,0.007723507937727917
Accuracy_train,0.9949044844871969,0.000564166848980723,0.9949044844871969,0.000564166848980723,0.9281181411732828,0.0014541998409824681,0.9279596260669285,0.0015183228448527734
F1 Score,0.49590576090576094,0.027585658250992233,0.5415767565767565,0.025085119545633035,0.5208117438117438,0.02405697997321855,0.5335871905871906,0.025631230180601868
Precision,0.6179523809523809,0.03474563575227369,0.7080634920634921,0.03403827607037826,0.7838412698412698,0.03341478152085797,0.7804603174603174,0.033102601974702696
Recall,0.45333333333333337,0.02982914309492946,0.48333333333333334,0.027988092706244437,0.42666666666666664,0.02501555071905829,0.44333333333333336,0.02691963347942662
Roc_auc,0.83545,0.011717270254723248,0.8641027777777778,0.012846471875985786,0.8766083333333333,0.010327042656581999,0.8806972222222221,0.010223169106205474
