Method,DecisionTree,DecisionTree,DecisionTree,DecisionTree,DecisionTree,DecisionTree,DecisionTree,DecisionTree
Model,Model 1,Model 1,Model 2,Model 2,Model 3,Model 3,Model 4,Model 4
Values,Mean,Se,Mean,Se,Mean,Se,Mean,Se
Accuracy_test,0.7953399050748448,0.003437473894650106,0.7930445418035781,0.0029093850378920385,0.7994596568090543,0.0025273896333775107,0.7994596568090543,0.0025273896333775107
Accuracy_train,0.9850151446175758,0.0001236985455376125,0.9850151446175758,0.0001236985455376125,0.8281170327367134,0.0006530313125563066,0.8281170327367134,0.0006530313125563066
F1 Score,0.580840080432424,0.006886911129340492,0.5776643360766938,0.006179028180316817,0.4385633505295185,0.007708169403851448,0.4385633505295185,0.007708169403851448
Precision,0.5911335059883351,0.007754365896954949,0.5832666716354596,0.0062392501168174715,0.7184852711734777,0.012126298164121512,0.7184852711734777,0.012126298164121512
Recall,0.5768048780487804,0.008303830025918498,0.5772317073170732,0.008254391598795763,0.32103048780487803,0.0069773923986480415,0.32103048780487803,0.0069773923986480415
Roc_auc,0.7270771227380017,0.004652158300118394,0.7249206892210859,0.004228113512773652,0.7493289354838708,0.00412396136417715,0.7493289354838708,0.00412396136417715
