Method,RandomForest,RandomForest,RandomForest,RandomForest,RandomForest,RandomForest,RandomForest,RandomForest
Model,Model 1,Model 1,Model 2,Model 2,Model 3,Model 3,Model 4,Model 4
Values,Mean,Se,Mean,Se,Mean,Se,Mean,Se
Accuracy_test,0.8359448703906536,0.0029096941842688163,0.8442858707557502,0.002613686175631247,0.7534757210660823,0.00021500479139004066,0.7534757210660823,0.00021500479139004066
Accuracy_train,0.9850084332081798,0.00012412296930672725,0.985008428700853,0.00012449181358469707,0.7534743375356644,2.3812979706601335e-05,0.7534743375356644,2.3812979706601335e-05
F1 Score,0.6150454867204274,0.007294485514168975,0.6255880941854611,0.007157648608661277,0.0,0.0,0.0,0.0
Precision,0.7324244278841553,0.008822419494728199,0.7678118294429538,0.007983745992960223,0.0,0.0,0.0,0.0
Recall,0.5352987804878049,0.008095099055479494,0.5328902439024391,0.008255826543809852,0.0,0.0,0.0,0.0
Roc_auc,0.8574615051140835,0.00340881399211168,0.8713087568843432,0.0031481251125946214,0.5,0.0,0.5,0.0
