Method,XGBoost,XGBoost,XGBoost,XGBoost,XGBoost,XGBoost,XGBoost,XGBoost
Model,Model 1,Model 1,Model 2,Model 2,Model 3,Model 3,Model 4,Model 4
Values,Mean,Se,Mean,Se,Mean,Se,Mean,Se
Accuracy_test,0.8370368747718148,0.002647615347491223,0.8384844833880979,0.0026577837845126397,0.8444658634538155,0.0026380759750867034,0.8516549835706461,0.0024875003273069135
Accuracy_train,0.9850151446175758,0.0001236985455376125,0.9850151446175758,0.0001236985455376125,0.9820073920157215,0.0001660729454399013,0.9675594268483421,0.0002929332073422225
F1 Score,0.6315880825241659,0.006562933633201427,0.6339662499472384,0.006442614728830233,0.6313774590628323,0.0069133706581627,0.6520132282080336,0.006903769770109984
Precision,0.7145096795313051,0.007136784279443159,0.7207982883497336,0.007544494018524153,0.7602192985201587,0.008020620066811705,0.7716319489825604,0.00702274306520864
Recall,0.5706829268292684,0.007999101488804696,0.5706951219512195,0.0076348321401617835,0.5447012195121951,0.007959588475928096,0.5708780487804878,0.008886257930754524
Roc_auc,0.8707458174665618,0.0031712935807319325,0.8729085082612116,0.003165693811177507,0.8781177104642013,0.0030626928376995886,0.8848550275373721,0.0029629425323744038
