Method,DecisionTree,DecisionTree,DecisionTree,DecisionTree,DecisionTree,DecisionTree,DecisionTree,DecisionTree
Model,Model 1,Model 1,Model 2,Model 2,Model 3,Model 3,Model 4,Model 4
Values,Mean,Se,Mean,Se,Mean,Se,Mean,Se
Accuracy_test,0.7749458702459442,0.0015865237509304925,0.7683872008308286,0.0015315306031672246,0.7600614991634015,0.001729903098466982,0.7600614991634015,0.001729903098466982
Accuracy_train,0.998236619759899,2.5060598229635687e-05,0.998236619759899,2.5060598229635687e-05,0.7773748044651967,0.0008218333769041844,0.7773748044651967,0.0008218333769041844
F1 Score,0.7963136982589363,0.0015203037912766043,0.7901942495099966,0.001438141284779237,0.8013685133883703,0.001471905166025387,0.8013685133883703,0.001471905166025387
Precision,0.7948196907970825,0.0016232693564639153,0.7895475067242294,0.0016892019003354945,0.7377361145968147,0.0019149957779601094,0.7377361145968147,0.0019149957779601094
Recall,0.7982627220976367,0.0023604678431797805,0.7913086941521477,0.0022306204979267155,0.8783218043815765,0.0032978487159617312,0.8783218043815765,0.0032978487159617312
Roc_auc,0.7728763186049799,0.0015817518587366041,0.7664473099804517,0.0015488615631606487,0.8498231828488406,0.0014914572453069701,0.8498231828488406,0.0014914572453069701
