Method,RandomForest,RandomForest,RandomForest,RandomForest,RandomForest,RandomForest,RandomForest,RandomForest
Model,Model 1,Model 1,Model 2,Model 2,Model 3,Model 3,Model 4,Model 4
Values,Mean,Se,Mean,Se,Mean,Se,Mean,Se
Accuracy_test,0.8233015478382191,0.0014147497713105602,0.8267355614650702,0.0013318386773179438,0.7965483889579498,0.0014441056956998456,0.7992854033243639,0.0014003519782083392
Accuracy_train,0.9982330210194289,2.4719790629280105e-05,0.9982330210194289,2.4719790629280105e-05,0.8460908499522403,0.00025810070856699543,0.8514332059198975,0.0002613032741801376
F1 Score,0.8461645319782459,0.0012094918994007913,0.8484389702870198,0.0011678589893524842,0.8322717849293375,0.0011380464615251076,0.8333209257016513,0.0011168523846383255
Precision,0.8140408999329936,0.0015998496959737404,0.8196887918074712,0.001461147926292094,0.7633336955584205,0.0014964486110608708,0.7689391979932314,0.0014614489977714553
Recall,0.8812600483008453,0.0017269247328645734,0.8795882352941176,0.0017585403347837047,0.9152696222183888,0.001728080680064445,0.9098073141279974,0.001672360521911828
Roc_auc,0.9164058346810781,0.0009113239580514297,0.9206376591215796,0.0008748772979186063,0.8999631715396176,0.0011219534930976935,0.8994914302742177,0.001084956485945087
