Method,XGBoost,XGBoost,XGBoost,XGBoost,XGBoost,XGBoost,XGBoost,XGBoost
Model,Model 1,Model 1,Model 2,Model 2,Model 3,Model 3,Model 4,Model 4
Values,Mean,Se,Mean,Se,Mean,Se,Mean,Se
Accuracy_test,0.8261841670469385,0.0012729399303098728,0.8170013847146387,0.0013869697536977622,0.8265889338221794,0.001488216946352224,0.8325656297042272,0.001379629350948976
Accuracy_train,0.998236619759899,2.5060598229635687e-05,0.998236619759899,2.5060598229635687e-05,0.9981286565744796,2.6687822095933975e-05,0.997833560179715,3.13630251829828e-05
F1 Score,0.8461475900453859,0.0011504600969728161,0.8377133539734746,0.0012155006706758933,0.8472117228123753,0.0012879706534570609,0.8523258309826239,0.0012446404725972022
Precision,0.8265591458954441,0.0014135258433011911,0.8199708333266414,0.0016071489355488117,0.8242212657748221,0.0016991786762364076,0.8297708675078869,0.001497991684282458
Recall,0.8670162152837675,0.0018373282159591582,0.8565595135414868,0.0017122255813893689,0.87186165257892,0.0017670672292888928,0.8765017250301881,0.001954109270327795
Roc_auc,0.9191772085524131,0.0008969770658560229,0.9135906498693152,0.0009220122077712141,0.9215156032717036,0.0009077540407517279,0.925781852339907,0.0008359734639026315
