Method,DecisionTree,DecisionTree,DecisionTree,DecisionTree,DecisionTree,DecisionTree,DecisionTree,DecisionTree
Model,Model 1,Model 1,Model 2,Model 2,Model 3,Model 3,Model 4,Model 4
Values,Mean,Se,Mean,Se,Mean,Se,Mean,Se
Accuracy_test,0.8144862565445027,0.0023661617411768684,0.8127628708551484,0.0026677925201894276,0.7654452988656195,0.003163964894596606,0.7697270397033159,0.0033134444796667504
Accuracy_train,0.9929361355058012,8.350709375205874e-05,0.9929361355058012,8.350709375205874e-05,0.8088065869684103,0.0014375115486065326,0.8174800285230223,0.0010793680563000207
F1 Score,0.8186226819510892,0.002409077536732051,0.8179957950998933,0.0026223425728628628,0.7795193644849553,0.0030366474835823777,0.7707672939993505,0.003572509628524441
Precision,0.8211934542958026,0.002958579480814499,0.8161574850988791,0.0032359692507362967,0.7546898881782934,0.00418507754133447,0.7874364569421854,0.0039292323548501895
Recall,0.8174654710368998,0.0037605287419526976,0.8211028653885798,0.0036412530975195867,0.8104596990311276,0.005793763597293496,0.7573799216656362,0.0054382850168697315
Roc_auc,0.8165742661983714,0.0024289148393556474,0.8143278010024748,0.002628961136101169,0.8256580967557534,0.003425142284050492,0.8074352371925663,0.0034284994974767636
