Method,RandomForest,RandomForest,RandomForest,RandomForest,RandomForest,RandomForest,RandomForest,RandomForest
Model,Model 1,Model 1,Model 2,Model 2,Model 3,Model 3,Model 4,Model 4
Values,Mean,Se,Mean,Se,Mean,Se,Mean,Se
Accuracy_test,0.8708660558464224,0.0020541951976726066,0.8735757526178012,0.0020437815274906624,0.8758161540139616,0.0019426343070911775,0.8761791012216404,0.0018185476796046419
Accuracy_train,0.9928724412382853,8.458530960649454e-05,0.9928840220141975,8.52166146392598e-05,0.9408951075242875,0.0002185416528587906,0.9454345170119454,0.00023196438667246635
F1 Score,0.8736768763063892,0.0020671849406700576,0.8759165155717344,0.002087431342226522,0.8783102202707569,0.0019408175790655835,0.8787131714034817,0.001808273338578585
Precision,0.8766566804802473,0.002662667961803922,0.8815065703526064,0.002520902338264365,0.8830107238233744,0.002691454082932954,0.8831224336792936,0.0026027198145742716
Recall,0.8717408781694496,0.0031833267203149026,0.8714399092970521,0.003344942700902297,0.8747897340754482,0.003186625488245832,0.8753916718202432,0.002994046283006332
Roc_auc,0.9374747405773731,0.0014306024919402917,0.941924031753672,0.0013588085809305944,0.9370338298758977,0.0014817040122873445,0.9374404487188828,0.0014656778160742176
