Method,XGBoost,XGBoost,XGBoost,XGBoost,XGBoost,XGBoost,XGBoost,XGBoost
Model,Model 1,Model 1,Model 2,Model 2,Model 3,Model 3,Model 4,Model 4
Values,Mean,Se,Mean,Se,Mean,Se,Mean,Se
Accuracy_test,0.8688830715532285,0.002034114417278492,0.8708641470331586,0.002106513246969392,0.8708123363874343,0.0018421231857194502,0.8727909576788829,0.0020186409502331907
Accuracy_train,0.9929361355058012,8.350709375205874e-05,0.9929361355058012,8.350709375205874e-05,0.9929361355058012,8.350709375205874e-05,0.9929361355058012,8.350709375205874e-05
F1 Score,0.8719641952212979,0.0020182012848853586,0.8735167278065795,0.0021028265911459555,0.8738454462568066,0.0018294484303872029,0.8758955652958818,0.0019913314706150845
Precision,0.873710814575184,0.0027606534922526163,0.8777660664836716,0.002796352695521035,0.8754796389462659,0.0025579976339742856,0.8768924377772038,0.0027419449467401824
Recall,0.8713224077509791,0.003135554327780979,0.8704019789734077,0.0032407959796538913,0.8732653061224489,0.0030320569053937834,0.87589775304061,0.002992689658264296
Roc_auc,0.9423967767850745,0.0013616682271087445,0.9417105583142694,0.0013700601816458917,0.9438545799932946,0.001254802780198272,0.9450483249496634,0.001296738406786574
