Method,DecisionTree,DecisionTree,DecisionTree,DecisionTree,DecisionTree,DecisionTree,DecisionTree,DecisionTree
Model,Model 1,Model 1,Model 2,Model 2,Model 3,Model 3,Model 4,Model 4
Values,Mean,Se,Mean,Se,Mean,Se,Mean,Se
Accuracy_test,0.5635322884012539,0.0019254412452528271,0.5611307375020624,0.0020352367728486143,0.6711955782874113,0.0005132514103198692,0.6705045372050816,0.0005349092104225419
Accuracy_train,0.9975299686687857,2.9947553060012785e-05,0.9975299686687857,2.9947553060012785e-05,0.6772712682911336,0.00014769263456268833,0.6769362568198534,0.00011998483712523656
F1 Score,0.34753379872627277,0.0031820486814236708,0.3419735369766746,0.003125270713057505,0.04338013276745323,0.002416223792126442,0.05918100868013952,0.003680960812453612
Precision,0.3410443507861487,0.0028526287605545176,0.33672981066363566,0.00288242138467881,0.5035390225243167,0.020141454207169736,0.46734789229901436,0.01790795679340811
Recall,0.35479496623695517,0.0037682813405434945,0.3479904849600981,0.003670827465512725,0.023018109269490484,0.0013444543412654344,0.032274094536525466,0.0021068704951331266
Roc_auc,0.510385969175617,0.002247083528494698,0.5067485956378155,0.002218647883804596,0.514493878098554,0.002293550166939905,0.5210262384605331,0.0024095435021301713
