Method,RandomForest,RandomForest,RandomForest,RandomForest,RandomForest,RandomForest,RandomForest,RandomForest
Model,Model 1,Model 1,Model 2,Model 2,Model 3,Model 3,Model 4,Model 4
Values,Mean,Se,Mean,Se,Mean,Se,Mean,Se
Accuracy_test,0.6553768685035473,0.0011007989673716214,0.6582289391189572,0.0010410968058063377,0.6718129021613595,6.23613106282352e-05,0.6718129021613595,6.23613106282352e-05
Accuracy_train,0.9975218968293332,3.0212789246569312e-05,0.997515843153352,2.947760668462267e-05,0.6718125722299729,6.922671380888559e-06,0.6718125722299729,6.922671380888559e-06
F1 Score,0.15102294319347956,0.003202181814637038,0.14489143353377254,0.0028913639789242447,0.0,0.0,0.0,0.0
Precision,0.3951347552029062,0.006927563398513593,0.4064901991142555,0.007220335471333421,0.0,0.0,0.0,0.0
Recall,0.093805095150399,0.002171459065930094,0.08849386126457949,0.0019006537872456857,0.0,0.0,0.0,0.0
Roc_auc,0.5290352431396496,0.0023964675197507513,0.5310424312366537,0.0026387033866958117,0.5,0.0,0.5,0.0
