Method,XGBoost,XGBoost,XGBoost,XGBoost,XGBoost,XGBoost,XGBoost,XGBoost
Model,Model 1,Model 1,Model 2,Model 2,Model 3,Model 3,Model 4,Model 4
Values,Mean,Se,Mean,Se,Mean,Se,Mean,Se
Accuracy_test,0.6283872958257714,0.001417564145800159,0.624136083154595,0.0015526887156397304,0.6741013694109881,0.00042917170024894043,0.6741561458505196,0.0004086119351637391
Accuracy_train,0.9975299686687857,2.9947553060012785e-05,0.9959095267414804,8.964472849510915e-05,0.6849114223328763,0.0001598920051728567,0.6837308651145214,0.00016080560882135504
F1 Score,0.23490837407396342,0.0035720296200314966,0.2387786232206315,0.0035205913435255266,0.03834266815719021,0.001659529154339865,0.03730360473594562,0.0016924759831859174
Precision,0.36186921193315646,0.004501226232881695,0.35617673333881505,0.004575551444450448,0.6268910533910533,0.019872867724219468,0.6234350649350648,0.020337392494781514
Recall,0.17455678330263966,0.0030507791272589746,0.18025168815224063,0.0030082435271552217,0.019865868631062,0.0008746276100612125,0.019313382443216696,0.0008905056044566063
Roc_auc,0.5224980376886791,0.002535514218190449,0.5131110524956974,0.0026502568165014443,0.5383564994215344,0.0022443080052316836,0.541814638759498,0.0023866364129414615
