Method,DecisionTree,DecisionTree,DecisionTree,DecisionTree,DecisionTree,DecisionTree,DecisionTree,DecisionTree
Model,Model 1,Model 1,Model 2,Model 2,Model 3,Model 3,Model 4,Model 4
Values,Mean,Se,Mean,Se,Mean,Se,Mean,Se
Accuracy_test,0.6827485756986096,0.0015409259363014876,0.6745953278902284,0.0018777410335407245,0.7265961704347126,0.0012681738188666995,0.7265961704347126,0.0012681738188666995
Accuracy_train,0.9969340204207991,3.100328338541232e-05,0.9969340204207991,3.100328338541232e-05,0.7304609772994219,0.00020375355959854468,0.7304609772994219,0.00020375355959854468
F1 Score,0.5147971081649365,0.002485234426768433,0.5029032098390815,0.0027415658161125166,0.4750109622775435,0.003025532816861143,0.4750109622775435,0.003025532816861143
Precision,0.507719061154904,0.0023458426772521943,0.4956635211745667,0.0028265108313373214,0.6229354459769213,0.0031909175806678542,0.6229354459769213,0.0031909175806678542
Recall,0.5229088186998938,0.003382720625873944,0.5111252776972858,0.0033181782480107363,0.38471747319617505,0.003244195873221705,0.38471747319617505,0.003244195873221705
Roc_auc,0.6415743196385975,0.0017736955231692584,0.6326793727534177,0.001993771986761498,0.6958581247311929,0.0020531396651951718,0.6958581247311929,0.0020531396651951718
