Method,RandomForest,RandomForest,RandomForest,RandomForest,RandomForest,RandomForest,RandomForest,RandomForest
Model,Model 1,Model 1,Model 2,Model 2,Model 3,Model 3,Model 4,Model 4
Values,Mean,Se,Mean,Se,Mean,Se,Mean,Se
Accuracy_test,0.7649140404020142,0.0015279496410475297,0.7653253575798914,0.0014292325120288923,0.6778079800999015,6.048764761495687e-05,0.6778079800999015,6.048764761495687e-05
Accuracy_train,0.9969005793222822,3.2440521174325614e-05,0.996912899547644,3.181640941793911e-05,0.6778077018803486,6.720709378830908e-06,0.6778077018803486,6.720709378830908e-06
F1 Score,0.5588261909610007,0.003485936663635008,0.5554559419687287,0.0032140362411136893,0.0,0.0,0.0,0.0
Precision,0.7061323322156099,0.003360648411913575,0.7129669583648749,0.003606436409060605,0.0,0.0,0.0,0.0
Recall,0.463278035352072,0.0038343009382895733,0.4560475224572588,0.003588181531217178,0.0,0.0,0.0,0.0
Roc_auc,0.77601404340245,0.0018885523222708154,0.7764828065338815,0.0019230367639470436,0.5,0.0,0.5,0.0
