Method,XGBoost,XGBoost,XGBoost,XGBoost,XGBoost,XGBoost,XGBoost,XGBoost
Model,Model 1,Model 1,Model 2,Model 2,Model 3,Model 3,Model 4,Model 4
Values,Mean,Se,Mean,Se,Mean,Se,Mean,Se
Accuracy_test,0.7588312955124478,0.0015039565622484287,0.7574214126662521,0.0016038024905789521,0.7705052508575903,0.0013240455048756012,0.7765404521655402,0.001364166152442052
Accuracy_train,0.9961807285888028,5.288303145729455e-05,0.9950190938864432,8.959120683270702e-05,0.9278877686299535,0.00019084415152353126,0.89128954676478,0.00020729622124337357
F1 Score,0.5744668742999992,0.0031242321347827195,0.5696991230647303,0.0031845886581637027,0.5711453815995848,0.003004302206885092,0.5858519149092255,0.0031042642399552118
Precision,0.6656131319785146,0.0030950267546700954,0.6649988906756683,0.0033914116641954157,0.7176602560970267,0.0031714510327887717,0.7267661092965773,0.003049090998987287
Recall,0.5062921375446731,0.003767933829375796,0.49926760359316136,0.00368965668918418,0.47532575099005137,0.0035167878784222407,0.49164783154641173,0.003599442599230066
Roc_auc,0.7598462820585987,0.0020457989727064906,0.7563855397858018,0.0022038030888778424,0.7806347708902034,0.001965773482053469,0.7847688870623614,0.001985221573161524
