Method,DecisionTree,DecisionTree,DecisionTree,DecisionTree,DecisionTree,DecisionTree,DecisionTree,DecisionTree
Model,Model 1,Model 1,Model 2,Model 2,Model 3,Model 3,Model 4,Model 4
Values,Mean,Se,Mean,Se,Mean,Se,Mean,Se
Accuracy_test,0.6209237696009936,0.004830486213394897,0.6143859649122807,0.004775053579632253,0.6482324173265022,0.004517412777053887,0.6482324173265022,0.004517412777053887
Accuracy_train,0.9992161375813793,3.9193143736033345e-05,0.9992161375813793,3.9193143736033345e-05,0.7111502851875323,0.0012316994858414898,0.7111502851875323,0.0012316994858414898
F1 Score,0.621263732104124,0.005116502607517089,0.6118994355883081,0.005314508296131154,0.6495525170074291,0.005788863528789899,0.6495525170074291,0.005788863528789899
Precision,0.6212998685554321,0.004976135068804501,0.6157978517421218,0.00487933896881477,0.6470173703684245,0.004656779559828953,0.6470173703684245,0.004656779559828953
Recall,0.6239473684210527,0.006671740159663037,0.6107926065162907,0.007005294669680586,0.66031015037594,0.009810578877462396,0.66031015037594,0.009810578877462396
Roc_auc,0.6215497076023392,0.004816224735990315,0.6156691069779712,0.0047755911884794595,0.6729451919271864,0.004545378040818415,0.6729451919271864,0.004545378040818415
