Method,RandomForest,RandomForest,RandomForest,RandomForest,RandomForest,RandomForest,RandomForest,RandomForest
Model,Model 1,Model 1,Model 2,Model 2,Model 3,Model 3,Model 4,Model 4
Values,Mean,Se,Mean,Se,Mean,Se,Mean,Se
Accuracy_test,0.6887005123428038,0.004310182081847067,0.704493091134917,0.004364028397343766,0.7062451482689026,0.004142924455932182,0.7056388759509393,0.004204931073914714
Accuracy_train,0.9992161375813793,3.9193143736033345e-05,0.9992161375813793,3.9193143736033345e-05,0.9983147241266732,8.088550877820486e-05,0.9983833131685584,7.115622509864245e-05
F1 Score,0.6839811713934014,0.004872955962277532,0.6976250224272976,0.004780692082955836,0.7005001420762588,0.004696226591325305,0.7000868763213581,0.0046957687857059624
Precision,0.694657126634583,0.004697669066383289,0.7142580323293656,0.004743031696028452,0.7139580762202006,0.004367079849983241,0.7133255358366023,0.004508969633598602
Recall,0.6771585213032582,0.006884303505550448,0.6844110275689224,0.006453999855804947,0.6904041353383458,0.006655204390415106,0.6900720551378444,0.00649034999377214
Roc_auc,0.755780789693532,0.00463864967576919,0.7748633370707471,0.004242865740895645,0.7799483357516597,0.004180494565126822,0.780682627621686,0.004150349455779877
