Method,XGBoost,XGBoost,XGBoost,XGBoost,XGBoost,XGBoost,XGBoost,XGBoost
Model,Model 1,Model 1,Model 2,Model 2,Model 3,Model 3,Model 4,Model 4
Values,Mean,Se,Mean,Se,Mean,Se,Mean,Se
Accuracy_test,0.6929420897376183,0.004543404037341962,0.6911884800496817,0.004319649558533178,0.7097857475547277,0.004175146436072424,0.7093549138332557,0.0042341563631483605
Accuracy_train,0.9992161375813793,3.9193143736033345e-05,0.9992161375813793,3.9193143736033345e-05,0.9992161375813793,3.9193143736033345e-05,0.9992063336598106,3.8439038903189104e-05
F1 Score,0.6892625844967223,0.005007821055202483,0.6860376169159594,0.0046692466793748595,0.7030447877750712,0.004744583921237342,0.7036225192980097,0.004712704570048563
Precision,0.6972172118334045,0.004689810783118327,0.6980366542003869,0.004766216595032101,0.7190427755086763,0.0044221049052815525,0.7177451022527194,0.0046349332834618555
Recall,0.683856516290727,0.006558830167297652,0.6768139097744362,0.0060454664085413745,0.6902161654135339,0.00647515854620351,0.6928728070175438,0.006443577424559088
Roc_auc,0.758256661390318,0.004797963483899161,0.7563805896319746,0.0040901895159167565,0.7778836894868753,0.004199526729913041,0.7787316976652159,0.004133762592966246
