Method,RandomForest,RandomForest,RandomForest,RandomForest,RandomForest,RandomForest,RandomForest,RandomForest
Model,Model 1,Model 1,Model 2,Model 2,Model 3,Model 3,Model 4,Model 4
Values,Mean,Se,Mean,Se,Mean,Se,Mean,Se
Accuracy_test,0.7223076923076923,0.007798877176049166,0.7526923076923075,0.007581021929207452,0.7542307692307691,0.0075935000232797995,0.7511538461538462,0.007815456541159036
Accuracy_train,1.0,0.0,1.0,0.0,0.9976495726495728,0.0002210273596749693,0.9982051282051282,0.00021092243896159014
F1 Score,0.7803363737704414,0.0065959878108210745,0.8017389306383204,0.00613819858234989,0.8046968562984301,0.006236916785610129,0.8026440612721838,0.006288714856299488
Precision,0.7585271382384384,0.0075284243444559045,0.7898043811193967,0.007307728924958225,0.785246842854428,0.007239231380721173,0.7823334498748586,0.007320613962421611
Recall,0.8127500000000001,0.00998328811898498,0.8197916666666667,0.008316936994604576,0.8317083333333334,0.008862744864192909,0.8305000000000001,0.008869595380975516
Roc_auc,0.775149621212121,0.008308400219760691,0.7911837121212121,0.00900396361624305,0.7930113636363636,0.008750071534864349,0.7925094696969697,0.008689902239614465
