Method,XGBoost,XGBoost,XGBoost,XGBoost,XGBoost,XGBoost,XGBoost,XGBoost
Model,Model 1,Model 1,Model 2,Model 2,Model 3,Model 3,Model 4,Model 4
Values,Mean,Se,Mean,Se,Mean,Se,Mean,Se
Accuracy_test,0.7088461538461539,0.007076400482376776,0.7261538461538461,0.007659159346396387,0.7319230769230768,0.008149037043340017,0.735769230769231,0.0073913230753860125
Accuracy_train,1.0,0.0,1.0,0.0,1.0,0.0,1.0,0.0
F1 Score,0.7713066882026347,0.005937500861471503,0.7824075093743188,0.006282873739965269,0.7874423649079217,0.006832296376412918,0.7906954314052876,0.006095868630272677
Precision,0.7422986406438419,0.006088098395449473,0.7628793987230522,0.007047611281664565,0.7649515704024218,0.007057667005841756,0.7687990954693741,0.006770500724671727
Recall,0.80825,0.008756144667857221,0.809,0.008776293826743345,0.8179166666666667,0.009672681318480873,0.8204583333333333,0.008896803225815939
Roc_auc,0.7469583333333334,0.008528292299283077,0.7667272727272728,0.00921918607433857,0.7813617424242426,0.009337324470327453,0.783373106060606,0.00883739652922583
